{"cameraMode":{"drawMode":0,"name":"Shaded","section":"Shading Mode"},"sceneLighting":true,"audioPlay":false,"sceneViewState":{"m_AlwaysRefresh":false,"showFog":true,"showSkybox":false,"showFlares":true,"showImageEffects":true,"showParticleSystems":true,"showVisualEffectGraphs":true,"m_FxEnabled":true},"in2DMode":false,"pivot":{"x":-6.704846382141113,"y":9.717531204223633,"z":-7.742269992828369},"rotation":{"x":0.17926956713199616,"y":0.06998122483491898,"z":-0.013014975003898144,"w":0.9814246892929077},"size":1.2247449159622193,"orthographic":false}